Indicator,Market,Destination,Units,1999,2000,2001,2002,2003,2004,2005,2006,2007,2008,2009,2010,2011,2012,2013,2014,2015,2016,2017,2018,2019,2020,2021
Visitor arrivals,Alabama,Statewide,persons,"17,746","18,573","15,640","22,588","21,989","21,300","23,524","23,580","23,638","21,167","18,766","19,393","18,825","19,321","17,524","17,568","18,419","21,021","21,454","23,702","24,139","6,278","20,169"
Visitor arrivals,Alaska,Statewide,persons,"41,737","43,224","41,545","41,630","36,954","36,835","39,349","40,236","46,577","56,075","66,076","69,873","79,218","79,200","77,365","74,718","79,812","81,644","80,950","88,336","93,249","42,574","76,061"
Visitor arrivals,Arizona,Statewide,persons,"94,288","100,589","97,564","110,926","123,746","127,014","151,642","196,868","190,089","152,122","140,163","149,595","148,450","155,940","165,660","160,896","166,966","175,945","179,898","195,487","220,549","65,780","243,865"
Visitor arrivals,Arkansas,Statewide,persons,"12,000","11,690","11,590","12,645","12,776","14,435","15,886","16,274","14,978","13,264","14,013","14,111","13,487","13,145","12,919","12,606","13,168","14,120","15,080","16,362","17,435","4,225","15,931"
Visitor arrivals,California,Statewide,persons,"1,355,754","1,456,666","1,468,881","1,570,368","1,666,672","1,767,696","1,919,548","1,979,204","1,946,829","1,557,050","1,490,479","1,641,251","1,629,858","1,817,836","1,803,858","1,829,346","1,987,085","2,095,908","2,176,869","2,357,641","2,637,893","655,937","2,658,097"
Visitor arrivals,Colorado,Statewide,persons,"98,217","110,480","107,933","121,257","124,514","126,243","135,564","140,485","145,590","133,645","128,870","135,365","139,448","140,166","136,990","136,930","148,652","154,498","168,368","189,349","205,036","63,123","211,271"
Visitor arrivals,Connecticut,Statewide,persons,"26,652","27,672","26,050","25,598","27,068","29,542","31,556","30,143","29,124","25,199","22,878","23,695","23,916","25,268","26,292","24,399","24,539","26,756","26,834","27,633","27,816","7,471","25,471"
Visitor arrivals,Delaware,Statewide,persons,"4,518","4,948","4,576","4,257","4,726","5,422","5,897","5,966","6,009","5,128","4,565","4,653","4,535","4,904","5,075","5,069","5,670","5,269","5,970","6,337","6,513","1,898","5,474"
Visitor arrivals,Florida,Statewide,persons,"84,007","87,514","83,717","87,385","93,543","105,560","121,877","125,987","121,870","96,993","85,249","87,958","89,414","95,117","95,885","99,315","107,362","114,345","123,552","130,990","138,005","39,975","146,875"
Visitor arrivals,Georgia,Statewide,persons,"54,024","62,041","53,781","56,378","56,765","60,780","67,544","71,828","65,536","56,095","51,144","52,661","52,100","54,755","54,563","56,531","59,702","65,628","70,431","74,899","77,996","19,755","77,040"
Visitor arrivals,Idaho,Statewide,persons,"24,520","23,931","24,568","24,013","26,550","28,598","32,752","36,621","41,222","36,683","36,626","35,544","38,753","39,538","46,097","44,441","46,744","49,040","54,234","61,826","70,826","25,129","66,524"
Visitor arrivals,Illinois,Statewide,persons,"132,674","138,588","132,909","132,686","139,209","145,933","151,806","152,777","147,619","135,097","120,274","128,136","132,196","132,958","126,284","125,188","133,442","136,783","140,814","147,915","157,541","48,764","151,398"
Visitor arrivals,Indiana,Statewide,persons,"41,726","43,346","42,441","41,267","41,640","49,681","52,721","51,158","48,920","42,069","36,477","38,540","39,743","39,323","38,289","38,805","39,851","41,097","44,257","48,685","50,724","14,787","43,505"
Visitor arrivals,Iowa,Statewide,persons,"23,773","24,544","22,236","21,938","24,269","27,762","28,221","28,504","28,324","25,851","23,443","23,884","26,102","27,387","26,019","25,595","25,489","25,266","27,678","31,336","30,848","14,037","24,167"
Visitor arrivals,Kansas,Statewide,persons,"21,694","23,869","22,579","20,880","23,109","24,824","28,442","28,264","28,674","25,676","23,888","24,161","26,017","24,362","24,059","23,981","24,891","25,007","27,135","28,407","32,666","10,814","28,847"
Visitor arrivals,Kentucky,Statewide,persons,"19,149","20,993","19,199","22,623","21,314","26,543","26,759","26,891","24,288","20,702","18,141","20,603","18,516","19,238","18,131","17,750","18,519","19,431","21,036","22,985","24,316","6,610","21,562"
Visitor arrivals,Louisiana,Statewide,persons,"16,400","16,750","15,529","16,782","18,138","19,348","20,237","22,919","21,783","18,090","17,636","17,529","17,435","17,404","16,838","17,980","18,876","18,227","19,159","21,190","22,066","5,787","21,189"
Visitor arrivals,Maine,Statewide,persons,"6,664","7,159","6,637","7,314","7,505","9,070","9,987","9,297","9,071","8,090","7,502","7,484","7,171","7,766","7,943","7,409","7,605","8,123","8,586","9,183","9,696","3,514","7,169"
Visitor arrivals,Maryland,Statewide,persons,"44,225","47,525","43,543","44,653","48,981","54,456","60,660","61,123","59,903","50,590","47,283","47,544","47,393","48,971","46,564","46,598","48,906","50,995","55,278","60,301","63,520","15,636","52,278"
Visitor arrivals,Massachusetts,Statewide,persons,"44,879","55,894","53,597","53,890","55,620","57,438","62,914","60,866","59,146","51,109","48,169","49,001","50,919","51,946","53,502","52,921","53,975","58,487","63,727","65,648","72,311","22,434","69,086"
Visitor arrivals,Michigan,Statewide,persons,"78,946","88,413","84,999","75,659","75,321","83,296","84,412","80,801","75,859","66,683","57,369","59,202","60,818","61,461","62,270","60,928","64,979","67,845","73,507","80,578","82,689","28,243","69,476"
Visitor arrivals,Minnesota,Statewide,persons,"76,501","84,262","79,592","72,706","74,975","80,866","84,560","81,981","79,874","75,400","66,000","68,945","71,518","70,241","68,742","71,516","75,412","81,029","87,168","95,876","102,222","47,525","74,338"
Visitor arrivals,Mississippi,Statewide,persons,"8,092","8,581","7,661","7,302","8,376","9,577","9,768","10,499","10,551","8,392","7,893","8,123","7,848","8,323","7,661","7,777","8,177","8,433","8,765","9,379","10,387","2,740","8,883"
Visitor arrivals,Missouri,Statewide,persons,"45,279","48,170","45,285","43,136","44,829","47,504","50,363","52,567","50,764","46,298","42,492","43,264","43,465","44,377","43,243","42,698","44,378","46,433","49,858","53,585","59,424","18,117","52,567"
Visitor arrivals,Montana,Statewide,persons,"13,274","15,019","15,264","15,393","15,902","16,774","19,391","19,804","20,105","20,218","19,268","21,008","23,572","23,375","25,280","24,869","25,633","26,037","27,177","30,128","32,365","13,981","23,237"
Visitor arrivals,N. Carolina,Statewide,persons,"38,848","40,666","36,595","21,595","37,690","44,986","49,633","52,025","52,886","45,863","40,454","44,249","42,354","44,461","45,659","45,697","48,519","52,078","57,778","64,800","65,429","17,743","63,086"
Visitor arrivals,N. Dakota,Statewide,persons,"4,726","5,160","4,806","108,392","5,173","5,846","6,356","6,334","6,291","6,137","6,004","7,003","7,724","8,434","8,785","9,305","8,149","8,041","7,962","8,672","9,541","4,361","5,587"
Visitor arrivals,Nebraska,Statewide,persons,"14,199","14,280","13,170","35,417","15,421","16,644","18,429","18,119","17,918","16,360","16,031","16,383","17,393","17,558","17,074","16,663","17,375","19,122","20,071","21,888","23,312","8,818","18,851"
Visitor arrivals,Nevada,Statewide,persons,"46,772","55,621","54,879","4,370","69,986","81,437","91,186","98,960","96,806","76,733","73,561","78,277","81,518","88,025","88,646","89,330","95,280","99,633","103,167","110,222","128,742","42,050","143,544"
Visitor arrivals,New Hampshire,Statewide,persons,"8,783","8,996","9,290","13,936","9,787","10,549","11,719","11,157","11,485","9,300","8,321","9,078","9,253","9,221","9,267","9,349","9,543","10,142","10,998","11,241","11,972","4,481","8,990"
Visitor arrivals,New Jersey,Statewide,persons,"66,805","70,559","65,654","61,486","69,991","75,139","77,295","73,603","75,337","63,500","60,716","64,000","61,109","68,618","72,970","68,938","70,002","72,318","76,591","78,247","81,214","20,276","76,025"
Visitor arrivals,New Mexico,Statewide,persons,"19,802","20,509","18,549","8,962","23,678","24,030","27,699","30,241","31,595","26,802","25,837","27,266","26,559","27,736","26,066","24,485","25,200","25,700","27,007","29,282","34,054","8,962","32,048"
Visitor arrivals,New York,Statewide,persons,"107,906","117,496","113,547","62,465","118,881","127,142","134,627","128,466","127,397","112,367","106,446","108,861","108,282","119,696","128,832","123,451","126,932","137,307","147,617","147,288","154,937","46,188","140,283"
Visitor arrivals,Ohio,Statewide,persons,"75,441","78,393","72,644","74,538","74,957","82,869","88,463","85,494","82,220","72,598","62,085","65,881","65,880","65,183","64,309","64,387","65,863","69,642","73,164","82,028","82,682","23,412","68,689"
Visitor arrivals,Oklahoma,Statewide,persons,"21,901","22,838","21,587","25,548","24,355","26,247","26,746","29,438","30,514","26,495","26,122","27,402","27,106","27,621","26,064","26,046","26,847","27,554","28,746","32,172","34,490","9,436","32,986"
Visitor arrivals,Oregon,Statewide,persons,"147,221","135,883","123,511","121,245","128,894","135,943","152,463","163,733","179,235","172,079","176,912","198,372","204,240","200,289","201,869","200,957","212,730","223,210","238,825","265,168","281,280","88,907","238,802"
Visitor arrivals,Pennsylvania,Statewide,persons,"66,545","68,920","60,862","60,965","64,431","72,640","79,032","80,162","80,551","70,500","62,850","66,006","66,502","68,504","68,548","66,703","69,438","71,528","74,292","77,682","79,245","21,309","64,176"
Visitor arrivals,Rhode Island,Statewide,persons,"6,120","6,407","6,251","6,300","6,752","7,620","8,339","7,903","7,175","6,512","5,703","6,002","6,204","6,099","5,980","6,051","6,057","6,361","6,772","7,289","7,169","2,114","6,812"
Visitor arrivals,S. Carolina,Statewide,persons,"15,901","16,479","16,114","16,091","16,275","19,297","21,450","22,567","23,053","19,373","17,529","18,843","18,300","19,149","18,922","20,199","20,931","22,743","24,320","27,480","28,110","7,832","25,455"
Visitor arrivals,S. Dakota,Statewide,persons,"5,681","6,182","5,907","6,249","6,721","6,967","7,901","8,282","8,333","7,716","7,658","8,009","8,565","8,331","8,513","8,225","8,040","8,650","9,175","10,151","10,148","4,537","7,208"
Visitor arrivals,Tennessee,Statewide,persons,"31,422","30,220","28,310","28,604","31,132","34,538","39,218","39,632","39,385","32,619","30,276","32,071","31,524","31,227","31,207","30,627","33,492","36,055","39,421","43,177","46,788","12,173","42,733"
Visitor arrivals,Texas,Statewide,persons,"167,131","177,789","171,169","178,400","192,644","201,889","209,570","223,732","230,425","209,506","218,032","228,064","228,934","242,112","232,224","240,642","256,030","263,905","280,746","309,772","336,563","94,943","366,916"
Visitor arrivals,Utah,Statewide,persons,"61,634","58,460","65,648","69,565","68,734","74,862","88,584","99,523","105,904","96,306","90,179","88,835","92,049","90,549","96,406","97,991","122,793","126,416","139,634","162,937","173,552","64,086","204,279"
Visitor arrivals,Vermont,Statewide,persons,"4,107","4,225","4,100","4,095","4,680","4,843","6,003","5,536","5,706","5,051","4,745","4,616","4,940","4,840","4,926","4,802","5,185","5,245","5,337","5,864","5,815","2,185","4,232"
Visitor arrivals,Virginia,Statewide,persons,"65,683","68,202","66,277","68,145","74,461","82,316","89,226","87,808","85,295","80,936","76,712","79,456","77,819","79,447","74,498","76,639","80,040","85,562","89,878","96,913","100,434","25,840","78,908"
Visitor arrivals,Washington,Statewide,persons,"299,803","302,474","274,120","268,483","271,022","293,786","321,074","334,037","385,846","386,002","410,167","442,009","462,160","461,561","465,887","462,664","489,806","509,849","540,406","594,250","628,836","213,140","565,748"
Visitor arrivals,"Washington, D.C.",Statewide,persons,"5,929","6,594","6,309","6,918","6,724","7,345","7,930","8,067","8,116","7,529","7,618","8,023","9,258","8,771","8,977","9,253","9,871","10,571","11,246","12,187","12,974","3,478","11,264"
Visitor arrivals,W. Virginia,Statewide,persons,"5,727","5,541","5,425","5,328","5,848","6,502","7,210","7,249","7,077","6,764","5,662","5,982","5,667","5,820","5,721","5,353","5,640","5,863","5,753","6,525","6,815","1,668","4,624"
Visitor arrivals,Wisconsin,Statewide,persons,"45,796","54,059","45,166","45,317","45,729","50,226","58,897","53,572","52,636","47,652","44,402","42,658","46,482","45,334","44,397","44,335","45,467","50,762","52,195","56,920","59,520","23,938","49,055"
Visitor arrivals,Wyoming,Statewide,persons,"5,387","6,428","5,640","6,265","6,865","7,292","8,117","8,891","9,519","9,274","8,919","8,740","9,574","8,981","9,053","9,932","9,734","9,344","10,007","11,289","11,615","4,044","9,691"
Visitor days,Alabama,Statewide,days,"165,393","181,644","152,177","218,021","203,838","200,334","227,261","229,902","232,125","213,784","194,495","195,142","193,989","194,725","181,059","175,624","187,583","211,548","212,840","230,526","230,070","77,836",
Visitor days,Alaska,Statewide,days,"526,304","565,297","547,563","561,223","498,879","495,408","506,899","524,137","600,378","720,444","833,970","871,936","968,949","971,965","965,318","923,844","956,910","955,844","941,073","987,339","1,015,752","550,293",
Visitor days,Arizona,Statewide,days,"907,993","1,000,368","956,127","1,120,617","1,183,012","1,230,491","1,462,196","1,836,026","1,790,638","1,448,143","1,368,797","1,439,404","1,435,038","1,516,962","1,608,984","1,556,772","1,597,623","1,658,305","1,693,035","1,830,180","1,980,024","685,984",
Visitor days,Arkansas,Statewide,days,"119,640","116,622","114,857","127,596","122,266","138,891","154,422","159,146","148,132","134,639","139,356","143,328","131,595","133,044","130,028","128,066","131,048","141,210","146,416","160,131","161,715","50,728",
Visitor days,California,Statewide,days,"12,594,955","13,503,321","13,675,282","15,110,065","15,183,382","15,944,487","17,221,726","17,595,378","17,365,714","14,201,284","13,707,793","14,842,313","14,855,872","16,371,169","16,287,276","16,401,907","17,486,722","18,166,728","18,746,046","19,922,132","21,587,736","6,561,730",
Visitor days,Colorado,Statewide,days,"1,016,546","1,130,747","1,140,852","1,295,835","1,257,591","1,295,119","1,395,398","1,442,758","1,490,842","1,375,469","1,353,823","1,380,554","1,425,197","1,459,595","1,432,147","1,432,845","1,519,699","1,571,215","1,689,224","1,858,618","1,953,259","737,489",
Visitor days,Connecticut,Statewide,days,"297,170","308,439","294,626","306,355","300,725","327,452","350,521","338,209","325,024","290,913","264,480","272,054","274,234","299,351","298,794","273,567","268,933","296,268","290,596","294,952","293,344","102,081",
Visitor days,Delaware,Statewide,days,"49,653","52,962","48,872","48,831","51,608","61,361","64,564","67,862","67,181","60,233","53,644","51,705","51,833","55,676","58,170","56,608","65,529","59,786","65,050","70,248","71,005","27,324",
Visitor days,Florida,Statewide,days,"877,033","926,655","893,260","963,015","979,395","1,107,412","1,290,250","1,330,246","1,294,259","1,052,823","953,569","973,428","991,296","1,044,310","1,053,619","1,100,951","1,153,218","1,206,248","1,278,818","1,353,512","1,373,932","503,268",
Visitor days,Georgia,Statewide,days,"509,446","597,507","517,911","565,546","528,482","572,425","642,548","685,618","632,422","543,462","502,564","514,538","521,313","566,738","562,872","568,718","592,131","642,551","672,590","715,183","729,463","229,992",
Visitor days,Idaho,Statewide,days,"259,667","269,751","267,054","265,324","283,554","308,163","345,162","381,339","431,594","388,969","400,489","374,705","411,903","426,263","482,724","466,477","484,642","494,672","545,113","608,844","679,668","275,593",
Visitor days,Illinois,Statewide,days,"1,382,463","1,433,651","1,354,343","1,419,484","1,412,971","1,463,243","1,527,806","1,546,131","1,493,904","1,371,819","1,242,637","1,307,621","1,353,088","1,364,917","1,310,858","1,291,802","1,369,350","1,381,568","1,415,094","1,469,425","1,520,186","580,967",
Visitor days,Indiana,Statewide,days,"434,368","454,075","440,962","447,759","423,062","508,294","536,915","523,845","503,387","446,969","399,073","408,519","421,010","416,058","408,730","417,592","420,119","426,373","458,505","499,025","503,423","180,966",
Visitor days,Iowa,Statewide,days,"246,526","264,719","239,926","241,059","248,029","285,936","292,764","295,996","290,321","270,772","253,453","250,114","275,890","292,556","278,211","273,323","273,475","266,958","291,849","326,471","311,612","161,030",
Visitor days,Kansas,Statewide,days,"214,771","235,749","227,822","217,779","223,464","241,456","277,785","278,762","281,865","257,050","241,633","239,901","256,917","246,668","241,695","240,276","247,293","245,274","264,842","275,853","307,179","120,978",
Visitor days,Kentucky,Statewide,days,"191,299","208,913","198,134","240,368","209,943","264,508","264,970","268,278","245,795","211,433","192,204","212,725","192,984","201,151","193,056","188,974","193,009","202,292","221,916","235,522","240,404","79,019",
Visitor days,Louisiana,Statewide,days,"160,556","160,062","155,601","169,510","175,032","185,990","198,443","217,293","209,770","180,498","182,029","169,903","166,946","169,411","166,074","174,263","181,044","177,206","183,423","204,216","204,714","68,799",
Visitor days,Maine,Statewide,days,"89,098","90,755","91,192","96,148","96,064","122,110","134,237","116,033","116,381","106,948","107,109","100,617","93,813","104,438","107,173","95,823","96,757","98,920","101,543","109,657","112,416","54,297",
Visitor days,Maryland,Statewide,days,"455,960","503,661","468,523","496,664","506,953","558,118","622,673","627,856","612,808","524,588","490,581","498,415","497,904","519,914","494,608","498,938","515,950","525,212","562,712","604,640","620,869","196,465",
Visitor days,Massachusetts,Statewide,days,"514,313","639,102","616,366","640,365","629,062","652,091","717,141","693,867","667,167","585,497","562,242","559,977","584,652","587,082","607,238","603,595","601,849","639,814","694,256","698,216","757,140","295,086",
Visitor days,Michigan,Statewide,days,"899,195","992,427","944,339","881,374","829,284","928,472","938,701","906,135","862,517","770,990","680,631","677,657","705,257","721,872","719,256","711,513","750,686","762,999","810,730","877,729","874,981","371,378",
Visitor days,Minnesota,Statewide,days,"856,811","904,524","859,594","839,637","817,228","867,605","926,786","888,090","867,432","824,687","739,005","754,906","787,914","798,817","771,028","810,530","838,734","889,120","932,814","1,007,220","1,053,794","567,562",
Visitor days,Mississippi,Statewide,days,"75,256","97,571","78,449","77,673","80,912","91,044","96,552","100,321","102,450","83,598","77,158","79,153","75,651","82,707","75,937","78,413","81,198","80,670","82,229","90,696","95,894","33,759",
Visitor days,Missouri,Statewide,days,"474,977","499,037","465,077","446,856","450,980","474,895","510,602","530,378","514,747","473,897","443,377","443,218","446,499","468,166","449,242","447,166","457,047","462,954","506,331","533,042","574,804","206,238",
Visitor days,Montana,Statewide,days,"150,527","168,888","172,941","181,477","174,286","187,042","221,737","220,505","223,568","226,154","222,079","236,258","266,679","274,317","279,235","284,800","280,069","284,348","292,361","320,644","335,758","167,904",
Visitor days,N. Carolina,Statewide,days,"386,538","420,893","384,979","235,501","383,684","463,700","516,776","541,287","545,255","479,440","443,864","473,381","458,818","477,856","490,492","487,878","516,094","542,250","596,046","660,773","647,916","218,163",
Visitor days,N. Dakota,Statewide,days,"54,018","55,535","54,404","1,268,355","54,886","61,599","69,423","69,247","65,930","65,964","65,111","74,304","79,919","89,064","94,160","98,443","86,649","85,428","85,291","92,083","97,547","51,858",
Visitor days,Nebraska,Statewide,days,"143,694","149,045","133,017","384,407","150,663","162,374","184,115","178,382","175,955","164,373","164,307","161,243","171,891","179,092","174,283","170,145","175,125","192,893","199,589","213,732","219,570","98,843",
Visitor days,Nevada,Statewide,days,"469,123","561,636","546,046","50,695","669,766","775,991","873,508","932,429","921,593","747,386","732,625","771,382","801,757","861,949","869,263","873,537","910,480","946,617","958,215","1,014,008","1,151,551","461,725",
Visitor days,New Hampshire,Statewide,days,"103,815","107,087","109,901","143,354","114,997","125,930","139,779","136,491","133,685","116,987","108,293","113,053","115,469","115,118","117,141","113,478","117,286","119,059","126,697","127,422","135,837","63,547",
Visitor days,New Jersey,Statewide,days,"723,498","754,753","707,750","629,079","742,605","797,829","827,864","784,131","796,312","685,941","667,762","695,809","652,933","732,688","776,661","734,917","737,945","753,474","789,516","793,327","808,014","252,014",
Visitor days,New Mexico,Statewide,days,"206,931","216,877","201,257","113,751","245,778","250,979","286,452","308,050","320,057","281,965","272,676","282,552","278,379","290,901","274,831","256,680","262,031","265,976","273,794","289,837","325,482","103,536",
Visitor days,New York,Statewide,days,"1,196,678","1,287,130","1,253,559","702,349","1,289,859","1,374,477","1,452,552","1,386,560","1,369,518","1,221,314","1,166,596","1,176,463","1,179,268","1,294,779","1,374,981","1,327,545","1,340,496","1,430,552","1,519,465","1,497,625","1,534,749","598,293",
Visitor days,Ohio,Statewide,days,"796,657","835,676","774,385","832,156","774,306","856,946","928,231","892,607","867,421","781,279","680,321","696,887","706,534","703,348","694,874","697,273","709,154","733,683","759,669","853,662","828,208","285,712",
Visitor days,Oklahoma,Statewide,days,"213,973","220,172","216,086","249,910","234,782","254,868","265,753","288,176","294,460","257,903","263,440","267,380","267,715","274,375","260,249","262,038","263,220","268,477","281,227","303,236","320,854","104,938",
Visitor days,Oregon,Statewide,days,"1,597,348","1,512,689","1,378,383","1,386,733","1,394,633","1,478,370","1,657,070","1,741,359","1,880,175","1,827,848","1,857,394","2,027,144","2,100,440","2,109,389","2,115,757","2,095,508","2,170,786","2,229,235","2,371,044","2,575,744","2,653,542","1,025,838",
Visitor days,Pennsylvania,Statewide,days,"721,348","731,832","662,179","692,223","690,700","784,927","855,488","863,612","870,756","768,835","695,874","721,908","731,056","759,595","752,077","734,706","759,791","773,050","791,806","818,031","814,055","271,310",
Visitor days,Rhode Island,Statewide,days,"68,666","76,627","69,761","70,298","74,204","84,850","96,508","89,832","82,800","73,612","66,579","70,116","73,757","73,008","71,571","70,498","68,625","69,023","74,658","78,789","76,111","30,385",
Visitor days,S. Carolina,Statewide,days,"169,505","168,576","167,424","171,080","166,656","194,899","220,881","234,376","241,365","205,521","190,714","204,620","197,605","214,422","208,781","222,052","226,509","247,469","256,196","283,533","287,199","101,058",
Visitor days,S. Dakota,Statewide,days,"63,002","67,211","63,028","71,995","70,167","74,177","84,659","89,688","88,913","87,544","87,309","85,799","92,911","93,058","93,750","94,056","87,830","95,898","96,316","108,330","107,919","56,350",
Visitor days,Tennessee,Statewide,days,"302,908","294,659","289,045","294,675","307,584","342,298","385,021","388,678","389,912","327,975","316,724","328,158","322,684","323,963","324,159","321,978","344,181","362,495","392,993","430,993","450,482","145,474",
Visitor days,Texas,Statewide,days,"1,554,318","1,670,613","1,615,835","1,734,912","1,783,884","1,864,406","1,988,835","2,121,297","2,202,863","2,002,756","2,090,078","2,156,696","2,168,457","2,313,975","2,222,984","2,273,539","2,398,127","2,450,560","2,588,906","2,818,329","3,001,374","1,009,202",
Visitor days,Utah,Statewide,days,"588,605","565,215","626,282","687,149","644,038","703,058","828,440","921,506","982,789","908,340","867,547","847,543","884,634","885,447","932,299","947,431","1,155,556","1,183,692","1,294,398","1,481,733","1,555,707","671,872",
Visitor days,Vermont,Statewide,days,"53,637","56,175","52,562","53,009","61,402","62,323","74,967","68,293","69,442","62,553","61,071","59,234","63,281","62,223","62,063","60,246","64,473","63,045","64,357","70,834","70,258","32,761",
Visitor days,Virginia,Statewide,days,"678,505","716,923","707,838","745,193","772,905","842,565","912,135","903,751","886,215","847,575","800,889","837,295","822,760","829,026","798,690","810,062","842,253","891,403","918,254","978,813","996,685","343,009",
Visitor days,Washington,Statewide,days,"3,342,804","3,476,677","3,152,380","3,085,217","2,992,083","3,215,666","3,507,785","3,615,625","4,051,383","4,043,308","4,278,454","4,541,950","4,786,762","4,817,180","4,870,287","4,794,124","4,975,173","5,072,615","5,304,413","5,720,934","5,910,384","2,498,084",
Visitor days,"Washington, D.C.",Statewide,days,"60,594","70,166","64,289","71,080","64,752","71,036","76,993","77,815","78,644","72,964","73,147","77,890","92,044","86,649","86,893","90,207","95,670","101,743","106,531","114,741","118,860","39,963",
Visitor days,W. Virginia,Statewide,days,"60,420","56,962","57,505","60,384","60,468","67,655","73,111","75,268","74,521","72,574","61,668","61,161","59,838","64,358","60,662","58,398","60,121","61,621","60,638","66,128","68,672","22,236",
Visitor days,Wisconsin,Statewide,days,"515,663","598,493","511,731","524,900","503,019","542,468","635,381","579,039","570,048","527,750","500,107","472,088","516,506","511,208","504,634","503,454","517,977","558,646","562,937","610,247","626,455","299,579",
Visitor days,Wyoming,Statewide,days,"62,328","69,133","61,250","71,579","72,357","78,460","88,767","93,967","98,902","96,974","97,691","91,077","102,623","98,854","98,010","104,205","103,163","99,224","103,771","115,066","115,392","48,592",
Length of stay,Alabama,Statewide,days,9.32,9.78,9.73,9.65,9.27,9.41,9.66,9.75,9.82,10.1,10.36,10.06,10.31,10.08,10.33,10,10.18,10.06,9.92,9.73,9.53,12.4,
Length of stay,Alaska,Statewide,days,12.61,13.08,13.18,13.48,13.5,13.45,12.88,13.03,12.89,12.85,12.62,12.48,12.23,12.27,12.48,12.36,11.99,11.71,11.63,11.18,10.89,12.93,
Length of stay,Arizona,Statewide,days,9.63,9.95,9.8,10.1,9.56,9.69,9.64,9.33,9.42,9.52,9.77,9.62,9.67,9.73,9.71,9.68,9.57,9.43,9.41,9.36,8.98,10.43,
Length of stay,Arkansas,Statewide,days,9.97,9.98,9.91,10.09,9.57,9.62,9.72,9.78,9.89,10.15,9.94,10.16,9.76,10.12,10.06,10.16,9.95,10,9.71,9.79,9.28,12.01,
Length of stay,California,Statewide,days,9.29,9.27,9.31,9.62,9.11,9.02,8.97,8.89,8.92,9.12,9.2,9.04,9.11,9.01,9.03,8.97,8.8,8.67,8.61,8.45,8.18,10,
Length of stay,Colorado,Statewide,days,10.35,10.23,10.57,10.69,10.1,10.26,10.29,10.27,10.24,10.29,10.51,10.2,10.22,10.41,10.45,10.46,10.22,10.17,10.03,9.82,9.53,11.68,
Length of stay,Connecticut,Statewide,days,11.15,11.15,11.31,11.97,11.11,11.08,11.11,11.22,11.16,11.54,11.56,11.48,11.47,11.85,11.36,11.21,10.96,11.07,10.83,10.67,10.55,13.66,
Length of stay,Delaware,Statewide,days,10.99,10.7,10.68,11.47,10.92,11.32,10.95,11.38,11.18,11.75,11.75,11.11,11.43,11.35,11.46,11.17,11.56,11.35,10.9,11.09,10.9,14.4,
Length of stay,Florida,Statewide,days,10.44,10.59,10.67,11.02,10.47,10.49,10.59,10.56,10.62,10.85,11.19,11.07,11.09,10.98,10.99,11.09,10.74,10.55,10.35,10.33,9.96,12.59,
Length of stay,Georgia,Statewide,days,9.43,9.63,9.63,10.03,9.31,9.42,9.51,9.55,9.65,9.69,9.83,9.77,10.01,10.35,10.32,10.06,9.92,9.79,9.55,9.55,9.35,11.64,
Length of stay,Idaho,Statewide,days,10.59,11.27,10.87,11.05,10.68,10.78,10.54,10.41,10.47,10.6,10.93,10.54,10.63,10.78,10.47,10.5,10.37,10.09,10.05,9.85,9.6,10.97,
Length of stay,Illinois,Statewide,days,10.42,10.34,10.19,10.7,10.15,10.03,10.06,10.12,10.12,10.15,10.33,10.2,10.24,10.27,10.38,10.32,10.26,10.1,10.05,9.93,9.65,11.91,
Length of stay,Indiana,Statewide,days,10.41,10.48,10.39,10.85,10.16,10.23,10.18,10.24,10.29,10.62,10.94,10.6,10.59,10.58,10.67,10.76,10.54,10.37,10.36,10.25,9.92,12.24,
Length of stay,Iowa,Statewide,days,10.37,10.79,10.79,10.99,10.22,10.3,10.37,10.38,10.25,10.47,10.81,10.47,10.57,10.68,10.69,10.68,10.73,10.57,10.54,10.42,10.1,11.47,
Length of stay,Kansas,Statewide,days,9.9,9.88,10.09,10.43,9.67,9.73,9.77,9.86,9.83,10.01,10.12,9.93,9.88,10.13,10.05,10.02,9.94,9.81,9.76,9.71,9.4,11.19,
Length of stay,Kentucky,Statewide,days,9.99,9.95,10.32,10.62,9.85,9.97,9.9,9.98,10.12,10.21,10.59,10.32,10.42,10.46,10.65,10.65,10.42,10.41,10.55,10.25,9.89,11.95,
Length of stay,Louisiana,Statewide,days,9.79,9.56,10.02,10.1,9.65,9.61,9.81,9.48,9.63,9.98,10.32,9.69,9.58,9.73,9.86,9.69,9.59,9.72,9.57,9.64,9.28,11.89,
Length of stay,Maine,Statewide,days,13.37,12.68,13.74,13.15,12.8,13.46,13.44,12.48,12.83,13.22,14.28,13.44,13.08,13.45,13.49,12.93,12.72,12.18,11.83,11.94,11.59,15.45,
Length of stay,Maryland,Statewide,days,10.31,10.6,10.76,11.12,10.35,10.25,10.27,10.27,10.23,10.37,10.38,10.48,10.51,10.62,10.62,10.71,10.55,10.3,10.18,10.03,9.77,12.57,
Length of stay,Massachusetts,Statewide,days,11.46,11.43,11.5,11.88,11.31,11.35,11.4,11.4,11.28,11.46,11.67,11.43,11.48,11.3,11.35,11.41,11.15,10.94,10.89,10.64,10.47,13.15,
Length of stay,Michigan,Statewide,days,11.39,11.22,11.11,11.65,11.01,11.15,11.12,11.21,11.37,11.56,11.86,11.45,11.6,11.75,11.55,11.68,11.55,11.25,11.03,10.89,10.58,13.15,
Length of stay,Minnesota,Statewide,days,11.2,10.73,10.8,11.55,10.9,10.73,10.96,10.83,10.86,10.94,11.2,10.95,11.02,11.37,11.22,11.33,11.12,10.97,10.7,10.51,10.31,11.94,
Length of stay,Mississippi,Statewide,days,9.3,11.37,10.24,10.64,9.66,9.51,9.88,9.56,9.71,9.96,9.78,9.74,9.64,9.94,9.91,10.08,9.93,9.57,9.38,9.67,9.23,12.32,
Length of stay,Missouri,Statewide,days,10.49,10.36,10.27,10.36,10.06,10,10.14,10.09,10.14,10.24,10.43,10.24,10.27,10.55,10.39,10.47,10.3,9.97,10.16,9.95,9.67,11.38,
Length of stay,Montana,Statewide,days,11.34,11.25,11.33,11.79,10.96,11.15,11.44,11.13,11.12,11.19,11.53,11.25,11.31,11.74,11.05,11.45,10.93,10.92,10.76,10.64,10.37,12.01,
Length of stay,N. Carolina,Statewide,days,9.95,10.35,10.52,10.91,10.18,10.31,10.41,10.4,10.31,10.45,10.97,10.7,10.83,10.75,10.74,10.68,10.64,10.41,10.32,10.2,9.9,12.3,
Length of stay,N. Dakota,Statewide,days,11.43,10.76,11.32,11.7,10.61,10.54,10.92,10.93,10.48,10.75,10.84,10.61,10.35,10.56,10.72,10.58,10.63,10.62,10.71,10.62,10.22,11.89,
Length of stay,Nebraska,Statewide,days,10.12,10.44,10.1,10.85,9.77,9.76,9.99,9.85,9.82,10.05,10.25,9.84,9.88,10.2,10.21,10.21,10.08,10.09,9.94,9.76,9.42,11.21,
Length of stay,Nevada,Statewide,days,10.03,10.1,9.95,11.6,9.57,9.53,9.58,9.42,9.52,9.74,9.96,9.85,9.84,9.79,9.81,9.78,9.56,9.5,9.29,9.2,8.94,10.98,
Length of stay,New Hampshire,Statewide,days,11.82,11.9,11.83,10.29,11.75,11.94,11.93,12.23,11.64,12.58,13.01,12.45,12.48,12.48,12.64,12.14,12.29,11.74,11.52,11.34,11.35,14.18,
Length of stay,New Jersey,Statewide,days,10.83,10.7,10.78,10.23,10.61,10.62,10.71,10.65,10.57,10.8,11,10.87,10.68,10.68,10.64,10.66,10.54,10.42,10.31,10.14,9.95,12.43,
Length of stay,New Mexico,Statewide,days,10.45,10.57,10.85,12.69,10.38,10.44,10.34,10.19,10.13,10.52,10.55,10.36,10.48,10.49,10.54,10.48,10.4,10.35,10.14,9.9,9.56,11.55,
Length of stay,New York,Statewide,days,11.09,10.95,11.04,11.24,10.85,10.81,10.79,10.79,10.75,10.87,10.96,10.81,10.89,10.82,10.67,10.75,10.56,10.42,10.29,10.17,9.91,12.95,
Length of stay,Ohio,Statewide,days,10.56,10.66,10.66,11.16,10.33,10.34,10.49,10.44,10.55,10.76,10.96,10.58,10.72,10.79,10.81,10.83,10.77,10.53,10.38,10.41,10.02,12.2,
Length of stay,Oklahoma,Statewide,days,9.77,9.64,10.01,9.78,9.64,9.71,9.94,9.79,9.65,9.73,10.09,9.76,9.88,9.93,9.99,10.06,9.8,9.74,9.78,9.43,9.3,11.12,
Length of stay,Oregon,Statewide,days,10.85,11.13,11.16,11.44,10.82,10.87,10.87,10.64,10.49,10.62,10.5,10.22,10.28,10.53,10.48,10.43,10.2,9.99,9.93,9.71,9.43,11.54,
Length of stay,Pennsylvania,Statewide,days,10.84,10.62,10.88,11.35,10.72,10.81,10.82,10.77,10.81,10.91,11.07,10.94,10.99,11.09,10.97,11.01,10.94,10.81,10.66,10.53,10.27,12.73,
Length of stay,Rhode Island,Statewide,days,11.22,11.96,11.16,11.16,10.99,11.14,11.57,11.37,11.54,11.3,11.67,11.68,11.89,11.97,11.97,11.65,11.33,10.85,11.02,10.81,10.62,14.37,
Length of stay,S. Carolina,Statewide,days,10.66,10.23,10.39,10.63,10.24,10.1,10.3,10.39,10.47,10.61,10.88,10.86,10.8,11.2,11.03,10.99,10.82,10.88,10.53,10.32,10.22,12.9,
Length of stay,S. Dakota,Statewide,days,11.09,10.87,10.67,11.52,10.44,10.65,10.72,10.83,10.67,11.35,11.4,10.71,10.85,11.17,11.01,11.44,10.92,11.09,10.5,10.67,10.63,12.42,
Length of stay,Tennessee,Statewide,days,9.64,9.75,10.21,10.3,9.88,9.91,9.82,9.81,9.9,10.05,10.46,10.23,10.24,10.37,10.39,10.51,10.28,10.05,9.97,9.98,9.63,11.95,
Length of stay,Texas,Statewide,days,9.3,9.4,9.44,9.72,9.26,9.23,9.49,9.48,9.56,9.56,9.59,9.46,9.47,9.56,9.57,9.45,9.37,9.29,9.22,9.1,8.92,10.63,
Length of stay,Utah,Statewide,days,9.55,9.67,9.54,9.88,9.37,9.39,9.35,9.26,9.28,9.43,9.62,9.54,9.61,9.78,9.67,9.67,9.41,9.36,9.27,9.09,8.96,10.48,
Length of stay,Vermont,Statewide,days,13.06,13.3,12.82,12.95,13.12,12.87,12.49,12.34,12.17,12.38,12.87,12.83,12.81,12.85,12.6,12.55,12.44,12.02,12.06,12.08,12.08,14.99,
Length of stay,Virginia,Statewide,days,10.33,10.51,10.68,10.94,10.38,10.24,10.22,10.29,10.39,10.47,10.44,10.54,10.57,10.43,10.72,10.57,10.52,10.42,10.22,10.1,9.92,13.27,
Length of stay,Washington,Statewide,days,11.15,11.49,11.5,11.49,11.04,10.95,10.93,10.82,10.5,10.47,10.43,10.28,10.36,10.44,10.45,10.36,10.16,9.95,9.82,9.63,9.4,11.72,
Length of stay,"Washington, D.C.",Statewide,days,10.22,10.64,10.19,10.27,9.63,9.67,9.71,9.65,9.69,9.69,9.6,9.71,9.94,9.88,9.68,9.75,9.69,9.63,9.47,9.41,9.16,11.49,
Length of stay,W. Virginia,Statewide,days,10.55,10.28,10.6,11.33,10.34,10.41,10.14,10.38,10.53,10.73,10.89,10.22,10.56,11.06,10.6,10.91,10.66,10.51,10.54,10.13,10.08,13.33,
Length of stay,Wisconsin,Statewide,days,11.26,11.07,11.33,11.58,11,10.8,10.79,10.81,10.83,11.08,11.26,11.07,11.11,11.28,11.37,11.36,11.39,11.01,10.79,10.72,10.53,12.51,
Length of stay,Wyoming,Statewide,days,11.57,10.75,10.86,11.43,10.54,10.76,10.94,10.57,10.39,10.46,10.95,10.42,10.72,11.01,10.83,10.49,10.6,10.62,10.37,10.19,9.93,12.01,
Visitor arrivals,Alabama,,persons,"4,192","3,604","3,218","3,562","3,398","3,516","4,196","4,874","5,759","4,229","3,684","3,581","3,632","3,451","3,099","2,918","3,316","3,634","3,936","4,436","3,741",940,"1,996"
Visitor arrivals,Alaska,,persons,"6,691","6,144","6,386","5,805","5,319","4,738","4,827","5,477","7,000","9,291","8,888","9,140","10,368","10,216","9,781","9,657","10,043","9,925","9,789","10,018","9,880","4,189","4,640"
Visitor arrivals,Arizona,,persons,"21,085","20,407","20,106","23,097","26,774","26,759","32,669","44,529","45,332","33,522","30,044","30,436","30,636","31,578","32,885","32,304","32,701","34,830","35,886","38,701","38,590","9,807","31,357"
Visitor arrivals,Arkansas,,persons,"2,680","2,546","2,306","2,324","2,383","2,600","2,787","3,286","3,520","2,497","2,484","2,846","2,807","2,519","2,402","2,374","2,405","2,474","2,680","3,080","2,867",593,"1,657"
Visitor arrivals,California,,persons,"268,807","267,431","264,942","281,201","293,745","305,436","328,737","360,604","372,538","280,450","264,283","264,231","284,013","318,095","321,784","315,664","337,258","348,805","368,146","388,338","400,469","84,867","321,085"
Visitor arrivals,Colorado,,persons,"24,938","26,354","25,998","28,301","29,103","29,604","30,573","33,821","36,722","31,294","29,336","29,630","30,738","31,451","31,649","31,232","32,907","33,085","37,380","42,460","43,832","11,450","35,421"
Visitor arrivals,Connecticut,,persons,"7,995","7,321","6,620","6,257","6,709","7,141","7,382","7,151","7,632","5,713","4,911","4,931","5,073","5,463","5,656","5,183","5,336","5,449","5,651","5,889","5,643","1,131","3,845"
Visitor arrivals,Delaware,,persons,"1,300","1,245","1,090","1,088","1,192","1,189","1,285","1,459","1,517","1,118",979,908,937,"1,090","1,113","1,025","1,192","1,045","1,207","1,401","1,190",277,728
Visitor arrivals,Florida,,persons,"23,135","20,961","20,233","20,981","21,078","22,632","27,006","30,719","32,649","20,673","17,231","17,160","17,281","19,477","19,656","20,222","21,507","22,021","24,721","25,185","25,198","5,200","16,883"
Visitor arrivals,Georgia,,persons,"13,224","12,438","11,245","11,359","10,398","10,696","12,382","13,315","14,773","9,842","9,150","8,837","9,143","9,117","9,858","9,682","10,052","11,205","11,861","12,758","12,543","2,272","7,754"
Visitor arrivals,Idaho,,persons,"5,233","4,645","4,765","4,760","4,835","5,559","6,480","7,417","8,984","7,958","7,332","7,126","7,741","7,956","8,866","8,901","9,909","9,871","11,521","13,633","14,556","4,627","8,901"
Visitor arrivals,Illinois,,persons,"34,512","33,207","30,178","30,213","30,537","30,008","31,294","34,190","36,031","28,772","24,279","25,439","26,546","26,853","25,901","25,220","25,575","26,327","27,755","28,661","28,520","7,755","18,032"
Visitor arrivals,Indiana,,persons,"10,880","10,394","9,993","8,807","8,521","9,931","10,836","11,129","12,505","9,155","7,437","7,892","8,322","8,196","8,107","8,110","7,923","8,060","9,147","9,853","10,015","2,584","5,654"
Visitor arrivals,Iowa,,persons,"5,589","4,800","4,718","4,461","4,963","5,428","5,492","6,314","6,593","5,493","4,592","4,699","5,100","5,647","5,475","5,526","5,168","4,873","5,855","6,249","6,307","2,801","2,772"
Visitor arrivals,Kansas,,persons,"5,411","5,265","4,762","4,455","4,548","4,768","5,706","6,180","6,713","5,251","4,968","4,970","5,116","4,912","5,120","4,737","4,642","5,042","5,732","5,800","5,860","1,956","3,781"
Visitor arrivals,Kentucky,,persons,"4,697","4,668","4,282","4,417","4,034","4,991","5,235","5,397","6,013","4,180","3,497","3,739","3,491","3,905","3,442","3,344","3,640","3,571","3,993","4,352","4,178","1,030","2,540"
Visitor arrivals,Louisiana,,persons,"3,790","3,465","3,509","3,400","3,281","3,329","3,782","4,781","5,437","3,672","3,214","3,373","3,201","3,513","3,376","3,328","3,535","3,373","3,570","3,891","3,771",760,"2,042"
Visitor arrivals,Maine,,persons,"1,627","1,786","1,429","1,585","1,666","1,692","1,970","2,000","2,223","1,669","1,481","1,470","1,342","1,639","1,684","1,530","1,624","1,653","1,638","1,807","1,809",573,"1,034"
Visitor arrivals,Maryland,,persons,"11,004","10,514","10,044","9,886","10,234","10,580","12,231","13,630","14,193","10,092","8,667","8,481","8,514","9,015","9,043","8,571","8,839","9,427","10,642","10,953","9,901","2,145","6,112"
Visitor arrivals,Massachusetts,,persons,"13,115","14,888","14,186","14,276","14,554","14,542","15,839","15,772","16,391","12,181","10,856","11,277","11,225","11,663","12,399","12,423","12,106","12,801","14,661","14,591","14,513","3,557","11,073"
Visitor arrivals,Michigan,,persons,"24,010","23,277","21,949","18,723","18,999","19,495","19,450","20,184","20,238","15,558","12,413","13,004","13,625","13,919","14,005","13,850","14,129","14,554","15,899","17,845","17,056","5,231","9,351"
Visitor arrivals,Minnesota,,persons,"16,516","17,259","16,316","15,431","16,079","16,647","17,769","17,529","18,664","15,816","13,277","13,304","14,539","15,688","14,427","15,330","15,299","16,050","18,113","19,547","19,682","8,764","9,144"
Visitor arrivals,Mississippi,,persons,"1,651","1,411","1,222","1,254","1,259","1,436","1,405","1,821","2,116","1,282","1,217","1,321","1,269","1,292","1,234","1,254","1,162","1,388","1,259","1,370","1,402",339,751
Visitor arrivals,Missouri,,persons,"11,060","10,189","10,438","9,105","8,926","9,503","10,762","11,785","12,302","9,758","8,402","8,995","8,533","9,161","9,064","8,204","8,511","8,638","9,744","11,385","11,596","3,043","7,048"
Visitor arrivals,Montana,,persons,"2,706","2,614","3,121","2,968","2,989","3,409","4,081","4,088","4,448","4,519","4,186","4,878","5,034","5,366","5,488","5,382","5,841","5,704","6,104","7,070","7,158","2,818","3,445"
Visitor arrivals,N. Carolina,,persons,"9,548","9,226","8,298","4,853","7,579","8,716","10,078","11,677","12,421","9,594","8,000","8,645","7,674","8,900","9,112","9,073","9,142","9,784","11,498","12,559","11,631","2,573","7,573"
Visitor arrivals,N. Dakota,,persons,"1,056",905,916,"27,866",898,"1,022","1,061","1,128","1,264","1,249","1,071","1,291","1,233","1,569","1,626","1,927","1,376","1,473","1,502","1,777","1,667",856,526
Visitor arrivals,Nebraska,,persons,"2,979","2,596","2,753","7,577","2,830","2,853","3,679","3,693","3,752","3,238","2,827","2,845","3,174","3,552","3,513","3,164","3,412","3,642","3,873","4,199","4,197","1,584","2,360"
Visitor arrivals,Nevada,,persons,"8,184","8,579","9,242",730,"10,821","12,743","14,794","16,401","17,096","11,882","11,139","11,366","11,779","12,249","12,790","13,030","13,171","14,036","15,231","16,169","17,214","4,667","12,493"
Visitor arrivals,New Hampshire,,persons,"2,438","2,366","2,258","2,752","2,283","2,498","2,693","2,839","3,046","2,188","1,882","2,115","1,973","2,024","2,041","2,051","2,067","2,211","2,259","2,573","2,346",774,"1,422"
Visitor arrivals,New Jersey,,persons,"20,615","19,667","17,374","9,783","18,264","18,944","19,310","18,838","20,660","15,197","13,528","14,228","13,244","15,424","15,948","15,331","15,026","15,675","16,712","16,330","16,248","2,983","10,950"
Visitor arrivals,New Mexico,,persons,"4,796","4,564","3,883","2,285","5,182","5,663","6,019","7,108","7,664","5,945","5,927","6,429","6,227","6,302","6,085","5,617","5,473","5,793","6,467","6,632","6,890","1,691","4,910"
Visitor arrivals,New York,,persons,"32,023","30,954","29,094","17,591","29,432","30,578","31,215","31,829","33,340","25,900","23,043","23,973","23,597","26,370","27,720","26,452","26,091","28,443","30,339","30,363","29,376","6,658","20,085"
Visitor arrivals,Ohio,,persons,"21,364","20,225","18,548","17,963","16,738","18,299","19,729","20,226","21,431","16,489","13,103","13,659","13,744","14,246","13,862","13,705","14,234","14,510","15,130","17,229","16,079","3,972","8,823"
Visitor arrivals,Oklahoma,,persons,"4,688","4,357","4,092","4,671","4,120","4,438","4,752","5,718","6,729","4,874","4,690","5,144","4,942","5,392","4,969","5,198","4,823","5,306","5,697","5,914","5,773","1,452","3,634"
Visitor arrivals,Oregon,,persons,"28,423","26,900","24,570","23,459","23,492","24,839","27,459","31,723","35,341","33,876","30,710","31,182","31,582","33,412","36,043","34,856","36,931","38,588","41,353","44,515","46,059","12,989","29,333"
Visitor arrivals,Pennsylvania,,persons,"18,895","17,567","15,534","14,771","15,256","16,791","18,586","20,380","21,859","16,081","13,325","14,101","14,261","15,396","14,993","15,033","14,508","14,835","16,019","16,315","15,813","3,356","8,693"
Visitor arrivals,Rhode Island,,persons,"1,576","1,522","1,429","1,338","1,623","1,672","1,862","1,902","1,784","1,323","1,114","1,125","1,106","1,206","1,200","1,275","1,238","1,229","1,280","1,375","1,315",331,914
Visitor arrivals,S. Carolina,,persons,"3,891","3,569","3,521","3,503","3,096","3,630","4,245","4,996","6,101","4,062","3,517","3,617","3,529","3,612","3,773","3,905","3,904","4,297","4,677","5,247","4,916","1,014","2,845"
Visitor arrivals,S. Dakota,,persons,"1,179",994,"1,088","1,163","1,144","1,249","1,378","1,558","1,582","1,508","1,514","1,525","1,678","1,586","1,660","1,839","1,524","1,449","1,599","1,827","1,814",886,"1,020"
Visitor arrivals,Tennessee,,persons,"7,884","6,199","5,782","5,783","6,050","6,168","7,262","8,383","9,275","6,680","5,461","5,969","5,858","6,089","6,035","5,998","6,342","6,485","7,456","8,199","8,237","1,935","4,790"
Visitor arrivals,Texas,,persons,"40,471","39,057","35,583","35,668","35,204","36,262","39,307","46,376","52,958","41,851","41,018","42,351","42,115","45,166","43,630","43,800","46,111","45,837","48,696","54,541","54,479","11,831","40,386"
Visitor arrivals,Utah,,persons,"12,389","11,446","12,832","13,919","13,119","14,134","16,468","19,378","24,510","19,402","18,847","17,927","19,051","18,797","19,651","20,165","27,187","28,228","33,419","39,876","38,723","11,207","27,805"
Visitor arrivals,Vermont,,persons,"1,181","1,032","1,006",937,"1,225","1,150","1,517","1,387","1,404","1,151","1,013","1,048","1,085","1,090","1,195","1,153","1,205","1,187","1,216","1,385","1,213",433,713
Visitor arrivals,Virginia,,persons,"14,925","13,518","13,304","13,052","13,468","14,277","15,774","17,278","18,293","14,220","12,296","12,425","12,678","13,127","12,907","13,059","13,380","13,936","15,537","16,155","15,041","3,094","9,179"
Visitor arrivals,Washington,,persons,"55,729","54,021","49,375","45,790","45,030","47,842","53,358","58,262","71,043","71,244","66,182","70,396","72,319","72,651","73,934","74,917","79,263","80,636","85,937","98,625","98,042","28,663","59,713"
Visitor arrivals,"Washington, D.C.",,persons,"1,438","1,296","1,366","1,414","1,264","1,422","1,436","1,638","1,697","1,411","1,450","1,538","1,618","1,725","1,746","1,782","1,934","2,004","2,358","2,492","2,365",470,"1,726"
Visitor arrivals,W. Virginia,,persons,"1,259","1,209","1,062","1,129",970,"1,197","1,347","1,471","1,637","1,167","1,068","1,092","1,011","1,125","1,073",932,967,845,"1,064","1,124","1,046",211,551
Visitor arrivals,Wisconsin,,persons,"12,841","13,724","11,129","11,455","10,963","11,399","13,158","13,099","13,522","10,787","9,547","9,563","9,914","10,044","10,060","10,358","10,211","10,529","11,741","12,565","12,580","4,725","6,062"
Visitor arrivals,Wyoming,,persons,"1,139","1,297","1,225","1,368","1,339","1,557","1,713","1,916","2,288","2,105","1,996","2,075","2,113","2,113","2,083","2,092","2,296","2,103","2,408","2,462","2,436",754,"1,294"
Visitor days,Alabama,,days,"19,660","16,768","15,414","16,766","16,514","18,174","20,685","24,944","29,256","25,155","24,894","24,242","24,973","20,733","20,205","20,247","22,785","25,493","28,395","30,734","24,094","8,086",
Visitor days,Alaska,,days,"68,984","59,777","61,625","55,313","52,977","49,545","50,081","54,894","66,850","89,748","87,582","93,948","108,297","107,264","105,939","107,125","107,351","105,337","104,285","106,272","101,923","48,447",
Visitor days,Arizona,,days,"138,318","140,293","130,086","158,453","184,473","194,127","226,132","293,061","292,391","249,404","230,068","238,205","238,874","253,617","265,367","261,629","263,003","285,226","285,768","314,051","302,061","84,240",
Visitor days,Arkansas,,days,"13,052","15,255","12,960","13,728","14,203","15,680","15,435","16,843","19,536","16,047","16,887","19,176","18,470","16,535","16,496","16,594","15,806","18,170","18,903","21,554","19,982","4,976",
Visitor days,California,,days,"1,921,970","1,979,374","1,942,025","2,100,190","2,235,400","2,345,904","2,450,601","2,592,812","2,682,274","2,228,934","2,127,644","2,159,987","2,331,009","2,589,677","2,664,425","2,619,120","2,759,729","2,835,502","2,972,011","3,078,336","3,098,755","777,153",
Visitor days,Colorado,,days,"174,815","187,798","189,525","209,444","220,019","237,491","234,952","262,260","273,212","256,566","250,471","250,156","261,580","271,054","283,011","282,216","285,356","287,948","324,973","358,267","366,939","111,349",
Visitor days,Connecticut,,days,"44,292","43,554","37,006","36,793","39,516","43,629","43,539","41,533","44,037","36,496","34,540","32,921","34,366","35,353","38,463","35,712","39,015","38,896","39,700","42,461","41,245","12,147",
Visitor days,Delaware,,days,"7,072","7,038","5,799","6,049","7,045","7,009","7,201","8,270","8,252","7,745","7,221","5,561","5,793","7,075","7,233","6,877","7,988","8,261","7,944","9,504","8,528","2,631",
Visitor days,Florida,,days,"109,429","111,224","101,570","102,720","110,238","119,088","136,004","147,960","147,900","116,605","106,042","104,251","106,549","120,552","125,630","131,864","138,686","140,916","152,819","161,732","155,792","42,896",
Visitor days,Georgia,,days,"67,971","68,667","57,687","58,366","55,317","57,342","63,957","65,862","68,842","54,628","53,795","51,986","56,048","56,833","67,538","63,459","63,662","71,951","75,646","84,902","78,813","20,450",
Visitor days,Idaho,,days,"38,149","36,993","37,786","37,678","40,372","46,963","53,561","59,012","66,931","67,269","63,158","62,769","69,845","71,091","79,694","80,696","90,843","88,316","102,427","121,626","126,690","45,211",
Visitor days,Illinois,,days,"200,515","197,224","175,636","182,124","189,940","186,874","194,531","203,240","209,700","187,277","171,285","177,382","187,520","188,775","191,633","185,504","186,401","193,141","205,418","207,744","204,298","66,876",
Visitor days,Indiana,,days,"57,555","58,577","54,962","52,379","50,359","59,034","60,745","59,628","65,776","54,988","52,820","52,549","54,707","56,182","57,162","58,483","55,909","57,691","65,445","70,627","72,318","21,672",
Visitor days,Iowa,,days,"31,690","28,013","26,704","27,599","31,267","35,915","33,570","38,195","38,173","35,196","32,333","32,880","36,331","41,241","41,251","41,992","39,713","38,110","46,426","47,819","48,620","24,761",
Visitor days,Kansas,,days,"29,382","29,395","26,334","26,032","28,561","30,718","34,790","36,192","39,540","34,586","34,685","33,269","34,839","35,551","36,336","35,564","34,806","37,946","41,213","42,316","42,269","15,883",
Visitor days,Kentucky,,days,"23,908","23,440","21,624","24,683","21,421","27,657","26,513","28,215","30,125","25,054","21,797","23,826","22,475","23,252","22,916","22,345","24,272","24,072","26,444","28,336","27,673","8,324",
Visitor days,Louisiana,,days,"17,320","16,113","16,247","16,149","16,667","17,672","19,172","21,153","23,923","18,405","18,090","19,005","17,450","19,557","20,028","20,286","21,294","21,355","21,690","24,390","23,819","5,150",
Visitor days,Maine,,days,"11,161","10,902","13,418","11,340","12,079","14,254","16,335","15,007","17,073","13,765","14,003","12,999","11,992","15,104","17,078","14,342","13,796","15,031","13,294","15,415","15,341","5,597",
Visitor days,Maryland,,days,"60,632","57,595","55,543","56,445","59,255","60,377","67,514","73,460","72,668","59,010","56,987","55,214","56,574","58,327","62,021","60,101","61,425","64,073","76,523","74,094","66,119","19,243",
Visitor days,Massachusetts,,days,"76,592","89,721","86,535","88,383","88,488","93,289","103,806","101,421","100,641","86,337","80,165","81,488","82,378","80,396","92,189","91,638","89,811","96,691","110,956","107,602","105,933","33,461",
Visitor days,Michigan,,days,"132,295","135,740","124,670","113,713","117,414","123,482","119,547","126,641","119,809","104,505","93,650","95,530","99,854","105,590","105,637","107,022","111,502","111,916","121,439","135,934","129,199","47,743",
Visitor days,Minnesota,,days,"111,978","113,878","110,133","108,946","112,553","123,844","129,094","125,562","123,182","114,169","103,509","107,137","118,037","131,365","121,609","130,128","129,128","135,380","150,679","160,667","162,084","82,598",
Visitor days,Mississippi,,days,"8,106","7,455","6,978","6,211","6,471","7,330","7,093","8,599","9,226","7,406","7,208","7,693","7,231","7,789","7,975","9,135","7,672","8,310","8,134","8,833","8,875","2,396",
Visitor days,Missouri,,days,"57,844","58,294","56,052","52,152","52,753","58,484","62,403","68,212","68,768","61,972","57,721","61,018","58,632","62,535","66,057","59,529","63,089","62,287","70,790","82,116","86,440","26,794",
Visitor days,Montana,,days,"19,889","20,523","23,813","23,474","26,064","31,151","35,341","35,080","35,628","39,868","39,243","43,547","47,943","51,495","52,393","52,490","56,156","53,693","57,072","65,352","66,685","28,385",
Visitor days,N. Carolina,,days,"50,986","49,788","44,145","34,996","42,215","50,916","55,458","63,767","65,210","55,714","50,991","53,280","50,422","58,359","62,496","60,820","61,722","65,779","77,467","88,370","77,441","20,063",
Visitor days,N. Dakota,,days,"7,994","5,507","5,908","159,207","6,511","7,522","6,689","7,935","7,925","8,198","7,951","9,401","9,147","11,439","12,955","15,701","11,744","12,442","13,675","14,540","13,916","8,019",
Visitor days,Nebraska,,days,"16,236","15,374","15,169","43,042","17,376","17,748","22,596","22,261","22,587","21,365","19,727","19,290","22,409","25,167","25,719","24,564","24,850","27,921","28,807","31,834","30,471","12,849",
Visitor days,Nevada,,days,"56,715","58,960","62,291","5,617","77,803","92,667","103,997","110,204","114,030","87,728","87,034","87,186","93,711","99,177","105,843","105,842","104,177","112,932","121,129","125,601","133,633","44,042",
Visitor days,New Hampshire,,days,"15,945","15,132","15,083","16,948","15,205","17,284","18,081","19,742","20,500","16,294","15,444","16,106","16,115","14,850","17,405","17,294","18,830","17,992","18,604","22,817","19,499","8,131",
Visitor days,New Jersey,,days,"111,115","110,071","95,731","66,758","103,374","103,932","102,813","98,160","102,680","88,327","80,483","85,369","81,376","92,547","107,002","99,530","96,401","102,088","103,947","105,337","101,963","25,397",
Visitor days,New Mexico,,days,"32,421","33,002","26,909","16,742","38,813","43,658","46,892","54,687","57,863","49,238","52,159","54,278","53,090","53,863","53,829","49,153","48,929","51,028","57,176","57,955","58,894","16,675",
Visitor days,New York,,days,"173,565","173,322","162,926","96,363","167,468","174,816","171,088","174,463","177,035","154,814","144,907","150,211","153,343","169,400","181,771","176,656","175,323","190,109","198,526","203,358","193,963","59,581",
Visitor days,Ohio,,days,"104,684","104,109","91,998","96,496","93,063","100,407","104,351","103,836","108,227","95,869","83,771","84,744","86,705","92,102","92,836","92,785","98,403","99,073","101,528","116,855","110,265","30,198",
Visitor days,Oklahoma,,days,"26,393","24,795","22,792","25,941","24,802","28,278","27,856","32,164","36,606","29,966","30,654","34,432","34,830","37,706","35,909","40,187","34,244","41,914","40,202","43,360","42,262","11,972",
Visitor days,Oregon,,days,"240,743","237,122","210,565","196,638","205,555","223,588","244,630","272,335","294,744","303,107","284,666","286,328","297,070","315,635","339,793","326,157","342,506","356,796","377,565","402,426","403,073","131,918",
Visitor days,Pennsylvania,,days,"95,987","89,900","82,175","81,236","83,908","91,561","96,602","102,784","106,891","91,620","83,214","85,833","86,815","98,855","96,572","97,669","95,177","100,217","104,591","104,910","102,768","26,337",
Visitor days,Rhode Island,,days,"9,330","9,091","7,388","7,236","8,586","9,764","10,556","10,373","9,295","8,134","7,871","8,587","7,334","8,242","8,528","9,062","9,500","8,499","9,397","9,951","8,876","3,807",
Visitor days,S. Carolina,,days,"22,295","17,694","17,851","17,443","16,037","20,849","21,272","24,240","28,431","22,872","21,519","22,603","21,692","23,585","24,320","27,070","26,618","29,256","30,493","34,375","32,120","8,856",
Visitor days,S. Dakota,,days,"8,147","6,525","6,136","7,658","7,871","8,526","9,856","9,991","9,144","11,398","11,582","11,061","12,177","11,897","12,132","14,838","12,417","12,172","11,941","15,789","15,059","8,088",
Visitor days,Tennessee,,days,"40,130","33,327","29,604","29,444","34,243","33,405","37,974","40,576","41,738","38,256","34,701","36,572","37,654","39,943","40,915","43,009","43,721","43,799","51,261","56,795","55,664","17,581",
Visitor days,Texas,,days,"222,995","225,132","203,535","202,579","211,224","224,376","241,287","274,331","302,920","270,343","273,704","285,948","288,405","308,527","310,965","316,910","329,296","329,226","342,220","389,197","381,420","94,545",
Visitor days,Utah,,days,"83,254","78,585","85,204","88,236","91,702","100,880","113,360","129,404","151,227","141,810","142,414","137,736","146,579","146,678","158,547","165,696","222,983","230,944","270,886","322,988","315,475","100,551",
Visitor days,Vermont,,days,"8,054","7,472","8,028","7,565","9,200",,"12,063","11,296","11,162","10,071","9,673","9,234","11,068","9,604","11,118","11,087","11,871","11,343","11,598","12,647","12,199","4,796",
Visitor days,Virginia,,days,"79,998","75,241","73,039","74,933","80,000","85,840","91,832","99,509","101,343","89,760","80,993","82,959","83,913","87,578","93,003","94,445","95,745","99,289","112,432","115,265","102,699","26,629",
Visitor days,Washington,,days,"494,874","485,369","431,538","399,649","403,019","433,381","478,724","507,885","592,499","638,191","602,121","651,973","675,838","684,783","702,387","709,107","735,738","738,378","783,985","878,162","867,047","294,870",
Visitor days,"Washington, D.C.",,days,"9,246","8,911","8,688","8,877","7,635","9,279","8,757","9,343","9,927","9,017","9,394","9,649","11,028","11,216","12,823","12,947","14,233","14,690","16,763","17,046","15,761","4,441",
Visitor days,W. Virginia,,days,"6,673","6,109","5,491","5,421","5,345","6,784","6,483","7,279","7,923","6,476","6,096","6,103","5,530","7,568","7,258","6,285","6,564","6,193","7,854","7,300","7,357","1,904",
Visitor days,Wisconsin,,days,"73,964","77,640","63,992","65,822","66,655","74,490","78,355","80,307","79,645","69,979","68,080","71,607","72,059","74,382","74,539","78,760","77,916","82,241","89,493","98,544","97,263","40,203",
Visitor days,Wyoming,,days,"8,383","10,281","9,678","10,502","9,989","11,565","14,593","13,951","15,192","16,963","17,591","16,946","17,833","18,132","17,328","17,492","20,044","18,572","21,287","21,165","20,385","8,012",
Length of stay,Alabama,,days,4.69,4.65,4.79,4.71,4.86,5.17,4.93,5.12,5.08,5.95,6.76,6.77,6.88,6.01,6.52,6.94,6.87,7.02,7.21,6.93,6.44,8.6,
Length of stay,Alaska,,days,10.31,9.73,9.65,9.53,9.96,10.46,10.37,10.02,9.55,9.66,9.85,10.28,10.44,10.5,10.83,11.09,10.69,10.61,10.65,10.61,10.32,11.56,
Length of stay,Arizona,,days,6.56,6.87,6.47,6.86,6.89,7.25,6.92,6.58,6.45,7.44,7.66,7.83,7.8,8.03,8.07,8.1,8.04,8.19,7.96,8.11,7.83,8.59,
Length of stay,Arkansas,,days,4.87,5.99,5.62,5.91,5.96,6.03,5.54,5.13,5.55,6.43,6.8,6.74,6.58,6.56,6.87,6.99,6.57,7.35,7.05,7,6.97,8.39,
Length of stay,California,,days,7.15,7.4,7.33,7.47,7.61,7.68,7.45,7.19,7.2,7.95,8.05,8.17,8.21,8.14,8.28,8.3,8.18,8.13,8.07,7.93,7.74,9.16,
Length of stay,Colorado,,days,7.01,7.13,7.29,7.4,7.56,8.02,7.69,7.75,7.44,8.2,8.54,8.44,8.51,8.62,8.94,9.04,8.67,8.7,8.69,8.44,8.37,9.72,
Length of stay,Connecticut,,days,5.54,5.95,5.59,5.88,5.89,6.11,5.9,5.81,5.77,6.39,7.03,6.68,6.77,6.47,6.8,6.89,7.31,7.14,7.03,7.21,7.31,10.74,
Length of stay,Delaware,,days,5.44,5.65,5.32,5.56,5.91,5.9,5.6,5.67,5.44,6.93,7.38,6.12,6.18,6.49,6.5,6.71,6.7,7.91,6.58,6.78,7.17,9.5,
Length of stay,Florida,,days,4.73,5.31,5.02,4.9,5.23,5.26,5.04,4.82,4.53,5.64,6.15,6.08,6.17,6.19,6.39,6.52,6.45,6.4,6.18,6.42,6.18,8.25,
Length of stay,Georgia,,days,5.14,5.52,5.13,5.14,5.32,5.36,5.17,4.95,4.66,5.55,5.88,5.88,6.13,6.23,6.85,6.55,6.33,6.42,6.38,6.65,6.28,9,
Length of stay,Idaho,,days,7.29,7.96,7.93,7.92,8.35,8.45,8.27,7.96,7.45,8.45,8.61,8.81,9.02,8.94,8.99,9.07,9.17,8.95,8.89,8.92,8.7,9.77,
Length of stay,Illinois,,days,5.81,5.94,5.82,6.03,6.22,6.23,6.22,5.94,5.82,6.51,7.05,6.97,7.06,7.03,7.4,7.36,7.29,7.34,7.4,7.25,7.16,8.62,
Length of stay,Indiana,,days,5.29,5.64,5.5,5.95,5.91,5.94,5.61,5.36,5.26,6.01,7.1,6.66,6.57,6.85,7.05,7.21,7.06,7.16,7.15,7.17,7.22,8.39,
Length of stay,Iowa,,days,5.67,5.84,5.66,6.19,6.3,6.62,6.11,6.05,5.79,6.41,7.04,7,7.12,7.3,7.54,7.6,7.68,7.82,7.93,7.65,7.71,8.84,
Length of stay,Kansas,,days,5.43,5.58,5.53,5.84,6.28,6.44,6.1,5.86,5.89,6.59,6.98,6.69,6.81,7.24,7.1,7.51,7.5,7.53,7.19,7.3,7.21,8.12,
Length of stay,Kentucky,,days,5.09,5.02,5.05,5.59,5.31,5.54,5.06,5.23,5.01,5.99,6.23,6.37,6.44,5.95,6.66,6.68,6.67,6.74,6.62,6.51,6.62,8.08,
Length of stay,Louisiana,,days,4.57,4.65,4.63,4.75,5.08,5.31,5.07,4.42,4.4,5.01,5.63,5.63,5.45,5.57,5.93,6.1,6.02,6.33,6.08,6.27,6.32,6.78,
Length of stay,Maine,,days,6.86,6.1,9.39,7.16,7.25,8.42,8.29,7.5,7.68,8.25,9.45,8.84,8.94,9.22,10.14,9.37,8.5,9.09,8.12,8.53,8.48,9.77,
Length of stay,Maryland,,days,5.51,5.48,5.53,5.71,5.79,5.71,5.52,5.39,5.12,5.85,6.58,6.51,6.65,6.47,6.86,7.01,6.95,6.8,7.19,6.76,6.68,8.97,
Length of stay,Massachusetts,,days,5.84,6.03,6.1,6.19,6.08,6.42,6.55,6.43,6.14,7.09,7.38,7.23,7.34,6.89,7.44,7.38,7.42,7.55,7.57,7.37,7.3,9.41,
Length of stay,Michigan,,days,5.51,5.83,5.68,6.07,6.18,6.33,6.15,6.27,5.92,6.72,7.54,7.35,7.33,7.59,7.54,7.73,7.89,7.69,7.64,7.62,7.58,9.13,
Length of stay,Minnesota,,days,6.78,6.6,6.75,7.06,7,7.44,7.27,7.16,6.6,7.22,7.8,8.05,8.12,8.37,8.43,8.49,8.44,8.44,8.32,8.22,8.24,9.42,
Length of stay,Mississippi,,days,4.91,5.28,5.71,4.95,5.14,5.1,5.05,4.72,4.36,5.78,5.92,5.82,5.7,6.03,6.46,7.29,6.6,5.99,6.46,6.45,6.33,7.07,
Length of stay,Missouri,,days,5.23,5.72,5.37,5.73,5.91,6.15,5.8,5.79,5.59,6.35,6.87,6.78,6.87,6.83,7.29,7.26,7.41,7.21,7.26,7.21,7.45,8.81,
Length of stay,Montana,,days,7.35,7.85,7.63,7.91,8.72,9.14,8.66,8.58,8.01,8.82,9.37,8.93,9.52,9.6,9.55,9.75,9.61,9.41,9.35,9.24,9.32,10.07,
Length of stay,N. Carolina,,days,5.34,5.4,5.32,7.21,5.57,5.84,5.5,5.46,5.25,5.81,6.37,6.16,6.57,6.56,6.86,6.7,6.75,6.72,6.74,7.04,6.66,7.8,
Length of stay,N. Dakota,,days,7.57,6.08,6.45,5.71,7.25,7.36,6.3,7.03,6.27,6.56,7.42,7.28,7.42,7.29,7.97,8.15,8.54,8.45,9.1,8.18,8.35,9.37,
Length of stay,Nebraska,,days,5.45,5.92,5.51,5.68,6.14,6.22,6.14,6.03,6.02,6.6,6.98,6.78,7.06,7.08,7.32,7.76,7.28,7.67,7.44,7.58,7.26,8.11,
Length of stay,Nevada,,days,6.93,6.87,6.74,7.69,7.19,7.27,7.03,6.72,6.67,7.38,7.81,7.67,7.96,8.1,8.28,8.12,7.91,8.05,7.95,7.77,7.76,9.44,
Length of stay,New Hampshire,,days,6.54,6.4,6.68,6.16,6.66,6.92,6.71,6.95,6.73,7.45,8.21,7.61,8.17,7.34,8.53,8.43,9.11,8.14,8.24,8.87,8.31,10.5,
Length of stay,New Jersey,,days,5.39,5.6,5.51,6.82,5.66,5.49,5.32,5.21,4.97,5.81,5.95,6,6.14,6,6.71,6.49,6.42,6.51,6.22,6.45,6.28,8.51,
Length of stay,New Mexico,,days,6.76,7.23,6.93,7.33,7.49,7.71,7.79,7.69,7.55,8.28,8.8,8.44,8.53,8.55,8.85,8.75,8.94,8.81,8.84,8.74,8.55,9.86,
Length of stay,New York,,days,5.42,5.6,5.6,5.48,5.69,5.72,5.48,5.48,5.31,5.98,6.29,6.27,6.5,6.42,6.56,6.68,6.72,6.68,6.54,6.7,6.6,8.95,
Length of stay,Ohio,,days,4.9,5.15,4.96,5.37,5.56,5.49,5.29,5.13,5.05,5.81,6.39,6.2,6.31,6.47,6.7,6.77,6.91,6.83,6.71,6.78,6.86,7.6,
Length of stay,Oklahoma,,days,5.63,5.69,5.57,5.55,6.02,6.37,5.86,5.62,5.44,6.15,6.54,6.69,7.05,6.99,7.23,7.73,7.1,7.9,7.06,7.33,7.32,8.25,
Length of stay,Oregon,,days,8.47,8.81,8.57,8.38,8.75,9,8.91,8.58,8.34,8.95,9.27,9.18,9.41,9.45,9.43,9.36,9.27,9.25,9.13,9.04,8.75,10.16,
Length of stay,Pennsylvania,,days,5.08,5.12,5.29,5.5,5.5,5.45,5.2,5.04,4.89,5.7,6.25,6.09,6.09,6.42,6.44,6.5,6.56,6.76,6.53,6.43,6.5,7.85,
Length of stay,Rhode Island,,days,5.92,5.97,5.17,5.41,5.29,5.84,5.67,5.45,5.21,6.15,7.06,7.63,6.63,6.83,7.11,7.11,7.67,6.91,7.34,7.24,6.75,11.49,
Length of stay,S. Carolina,,days,5.73,4.96,5.07,4.98,5.18,5.74,5.01,4.85,4.66,5.63,6.12,6.25,6.15,6.53,6.45,6.93,6.82,6.81,6.52,6.55,6.53,8.73,
Length of stay,S. Dakota,,days,6.91,6.57,5.64,6.58,6.88,6.82,7.15,6.41,5.78,7.56,7.65,7.25,7.26,7.5,7.31,8.07,8.15,8.4,7.47,8.64,8.3,9.13,
Length of stay,Tennessee,,days,5.09,5.38,5.12,5.09,5.66,5.42,5.23,4.84,4.5,5.73,6.35,6.13,6.43,6.56,6.78,7.17,6.89,6.75,6.88,6.93,6.76,9.09,
Length of stay,Texas,,days,5.51,5.76,5.72,5.68,6,6.19,6.14,5.92,5.72,6.46,6.67,6.75,6.85,6.83,7.13,7.24,7.14,7.18,7.03,7.14,7,7.99,
Length of stay,Utah,,days,6.72,6.87,6.64,6.34,6.99,7.14,6.88,6.68,6.17,7.31,7.56,7.68,7.69,7.8,8.07,8.22,8.2,8.18,8.11,8.1,8.15,8.97,
Length of stay,Vermont,,days,6.82,7.24,7.98,8.07,7.51,,7.95,8.14,7.95,8.75,9.55,8.81,10.2,8.81,9.31,9.62,9.85,9.56,9.53,9.13,10.06,11.08,
Length of stay,Virginia,,days,5.36,5.57,5.49,5.74,5.94,6.01,5.82,5.76,5.54,6.31,6.59,6.68,6.62,6.67,7.21,7.23,7.16,7.12,7.24,7.13,6.83,8.61,
Length of stay,Washington,,days,8.88,8.98,8.74,8.73,8.95,9.06,8.97,8.72,8.34,8.96,9.1,9.26,9.35,9.43,9.5,9.47,9.28,9.16,9.12,8.9,8.84,10.29,
Length of stay,"Washington, D.C.",,days,6.43,6.87,6.36,6.28,6.04,6.53,6.1,5.71,5.85,6.39,6.48,6.27,6.82,6.5,7.35,7.26,7.36,7.33,7.11,6.84,6.67,9.45,
Length of stay,W. Virginia,,days,5.3,5.05,5.17,4.8,5.51,5.67,4.81,4.95,4.84,5.55,5.71,5.59,5.47,6.73,6.77,6.74,6.79,7.33,7.38,6.5,7.03,9.04,
Length of stay,Wisconsin,,days,5.76,5.66,5.75,5.75,6.08,6.53,5.95,6.13,5.89,6.49,7.13,7.49,7.27,7.41,7.41,7.6,7.63,7.81,7.62,7.84,7.73,8.51,
Length of stay,Wyoming,,days,7.36,7.93,7.9,7.68,7.46,7.43,8.52,7.28,6.64,8.06,8.81,8.17,8.44,8.58,8.32,8.36,8.73,8.83,8.84,8.6,8.37,10.62,
,,,,,,,,,,,,,,,,,,,,,,,,,,
"Data is updated monthly by the Research & Economic Analysis Division, State of Hawaii Department of Business, Economic Development and Tourism (DBEDT)",,,,,,,,,,,,,,,,,,,,,,,,,,
Source of Data: Hawaii Tourism Authority,,,,,,,,,,,,,,,,,,,,,,,,,,
Seasonally adjusted series are from DBEDT,,,,,,,,,,,,,,,,,,,,,,,,,,
"Hotel performance data prior to March 2017 are from Hospitality Advisors, LLC.",,,,,,,,,,,,,,,,,,,,,,,,,,
